{"payload":{"installed_packages":["aiofiles==0.8.0","aiosqlite==0.21.0","anyio==3.7.1","argon2-cffi==23.1.0","argon2-cffi-bindings==21.2.0","asttokens==3.0.0","async-lru==2.0.5","attrs==25.3.0","autocommand==2.2.2","babel==2.17.0","backports.tarfile==1.2.0","beautifulsoup4==4.13.4","bleach==6.2.0","blinker==1.9.0","certifi==2025.4.26","cffi==1.17.1","charset-normalizer==3.4.2","click==8.1.8","colorama==0.4.6","comet_ml==3.49.10","comm==0.2.2","configobj==5.0.9","contourpy==1.3.2","cycler==0.12.1","debugpy==1.8.14","decorator==5.2.1","defusedxml==0.7.1","dill==0.3.5.1","dulwich==0.22.8","everett==3.1.0","executing==2.2.0","fastjsonschema==2.21.1","filelock==3.18.0","flask==3.1.0","flask-cors==5.0.1","fonttools==4.57.0","from-root==1.0.2","fsspec==2025.3.2","gdown==5.2.0","git-filter-repo==2.47.0","gitdb==4.0.12","gitpython==3.1.44","idna==3.10","importlib_metadata==8.0.0","inflect==7.3.1","ipykernel==6.29.5","ipython==9.2.0","ipython_pygments_lexers==1.1.1","itsdangerous==2.2.0","jaraco.collections==5.1.0","jaraco.context==5.3.0","jaraco.functools==4.0.1","jaraco.text==3.12.1","jedi==0.19.2","jinja2==3.1.6","json5==0.12.0","jsonschema==4.23.0","jsonschema-specifications==2025.4.1","jupyter-lsp==2.2.5","jupyter-server==1.24.0","jupyter-ydoc==0.2.4","jupyter_client==8.6.3","jupyter_core==5.7.2","jupyter_server_ydoc==0.1.14","jupyterlab==4.0.0a30","jupyterlab_pygments==0.3.0","jupyterlab_server==2.27.3","kiwisolver==1.4.8","labelimg==1.8.6","lxml==5.4.0","markdown-it-py==3.0.0","markupsafe==3.0.2","matplotlib==3.10.1","matplotlib-inline==0.1.7","mdurl==0.1.2","mistune==3.1.3","more-itertools==10.3.0","mpmath==1.3.0","nbclient==0.10.2","nbconvert==7.16.6","nbformat==5.10.4","nest-asyncio==1.6.0","networkx==3.4.2","notebook==7.0.0a7","notebook-shim==0.1.0","numpy==2.2.5","opencv-python==4.11.0.86","packaging==24.2","packaging==25.0","pandas==2.2.3","pandocfilters==1.5.1","parso==0.8.4","pillow==11.2.1","pip==23.2.1","pip==25.1.1","platformdirs==4.2.2","platformdirs==4.3.7","prometheus_client==0.21.1","prompt_toolkit==3.0.51","psutil==7.0.0","pure_eval==0.2.3","py-cpuinfo==9.0.0","pycparser==2.22","pygments==2.19.1","pyparsing==3.2.3","pyqt5==5.15.11","pyqt5-qt5==5.15.2","pyqt5_sip==12.17.0","pysocks==1.7.1","python-box==6.1.0","python-dateutil==2.9.0.post0","pytz==2025.2","pywin32==310","pywinpty==2.0.15","pyyaml==6.0.2","pyzmq==26.4.0","referencing==0.36.2","requests==2.32.3","requests-toolbelt==1.0.0","rich==14.0.0","rpds-py==0.24.0","scipy==1.15.2","seaborn==0.13.2","semantic-version==2.10.0","send2trash==1.8.3","sentry-sdk==2.29.1","setuptools==80.3.0","setuptools==80.3.1","simplejson==3.20.1","sip==6.10.0","six==1.17.0","smmap==5.0.2","sniffio==1.3.1","soupsieve==2.7","stack-data==0.6.3","sympy==1.14.0","terminado==0.18.1","thop==0.1.1-2209072238","tinycss2==1.4.0","tomli==2.0.1","tomli==2.2.1","torch==2.7.0","torchvision==0.22.0","tornado==6.4.2","tqdm==4.67.1","traitlets==5.14.3","typeguard==4.3.0","typing_extensions==4.12.2","typing_extensions==4.13.2","tzdata==2025.2","ultralytics==8.3.124","ultralytics==8.3.127","ultralytics-thop==2.0.14","urllib3==2.4.0","wastedetection==0.0.0","wcwidth==0.2.13","webencodings==0.5.1","websocket-client==1.8.0","werkzeug==3.1.3","wheel==0.45.1","wrapt==1.17.2","wurlitzer==3.1.1","y-py==0.5.9","ypy-websocket==0.3.2","zipp==3.19.2"],"message_id":1},"type":"installed_packages"}
{"payload":{"command":["train.py","--img","416","--batch","16","--epochs","1","--data","../artifacts/data_ingestion/feature_store/data.yaml","--cfg","./models/custom_yolov5s.yaml","--weights","yolov5s.pt","--name","yolov5s_results","--cache"],"env":null,"hostname":"Hardik","ip":"192.168.163.9","machine":"AMD64","message_id":2,"os":"Windows-10-10.0.26100-SP0","os_release":"10","os_type":"Windows","pid":18008,"processor":"Intel64 Family 6 Model 154 Stepping 3, GenuineIntel","python_exe":"D:\\AI-Powered-Waste-Finder\\wastefinder\\Scripts\\python.exe","python_version":"3.11.0","python_version_verbose":"3.11.0 (main, Oct 24 2022, 18:26:48) [MSC v.1933 64 bit (AMD64)]","user":"vegad"},"type":"system_details"}
{"payload":{"gpu_static_info":[{"gpu_index":0,"name":"NVIDIA GeForce RTX 4050 Laptop GPU","power_limit":105000,"total_memory":6439305216,"uuid":"GPU-b5731a02-83a5-60d2-8cff-090f9424cbc2"}],"message_id":3},"type":"gpu_static_info"}
{"payload":{"local_timestamp":1747974056462,"message_id":4,"metric":{"epoch":null,"metricName":"sys.gpu.0.total_memory","metricValue":6439305216,"step":null}},"type":"metric_msg"}
{"payload":{"local_timestamp":1747974056464,"message_id":5,"param":{"paramName":"img","paramValue":416,"source":"cli","step":null}},"type":"parameter_msg"}
{"payload":{"local_timestamp":1747974056464,"message_id":6,"param":{"paramName":"batch","paramValue":16,"source":"cli","step":null}},"type":"parameter_msg"}
{"payload":{"local_timestamp":1747974056464,"message_id":7,"param":{"paramName":"epochs","paramValue":1,"source":"cli","step":null}},"type":"parameter_msg"}
{"payload":{"local_timestamp":1747974056464,"message_id":8,"param":{"paramName":"data","paramValue":"../artifacts/data_ingestion/feature_store/data.yaml","source":"cli","step":null}},"type":"parameter_msg"}
{"payload":{"local_timestamp":1747974056464,"message_id":9,"param":{"paramName":"cfg","paramValue":"./models/custom_yolov5s.yaml","source":"cli","step":null}},"type":"parameter_msg"}
{"payload":{"local_timestamp":1747974056464,"message_id":10,"param":{"paramName":"weights","paramValue":"yolov5s.pt","source":"cli","step":null}},"type":"parameter_msg"}
{"payload":{"local_timestamp":1747974056464,"message_id":11,"param":{"paramName":"name","paramValue":"yolov5s_results","source":"cli","step":null}},"type":"parameter_msg"}
{"payload":{"local_timestamp":1747974056464,"message_id":12,"param":{"paramName":"cache","paramValue":true,"source":"cli","step":null}},"type":"parameter_msg"}
{"payload":{"key":"offline_experiment","message_id":13,"value":true},"type":"log_other"}
{"payload":{"key":"Name","message_id":14,"value":"yolov5s_results"},"type":"log_other"}
{"payload":{"additional_params":{"assetId":"060327b0c9f14806b959c52398e4d7a4","context":null,"extension":"yaml","fileName":"data.yaml","overwrite":false,"runId":null,"step":null},"clean":true,"file_path":"tmp4skmw8b2","local_timestamp":1747974056464,"message_id":15,"metadata":{"type":"data-config-file"},"upload_type":"asset"},"type":"file_upload"}
{"payload":{"local_timestamp":1747974056472,"message_id":16,"metric":{"epoch":null,"metricName":"sys.gpu.0.gpu_utilization","metricValue":0,"step":null}},"type":"metric_msg"}
{"payload":{"local_timestamp":1747974056472,"message_id":17,"metric":{"epoch":null,"metricName":"sys.gpu.0.power_usage","metricValue":1608,"step":null}},"type":"metric_msg"}
{"payload":{"local_timestamp":1747974056472,"message_id":18,"metric":{"epoch":null,"metricName":"sys.gpu.0.temperature","metricValue":42,"step":null}},"type":"metric_msg"}
{"payload":{"local_timestamp":1747974056472,"message_id":19,"metric":{"epoch":null,"metricName":"sys.gpu.0.memory_utilization","metricValue":0,"step":null}},"type":"metric_msg"}
{"payload":{"local_timestamp":1747974056472,"message_id":20,"metric":{"epoch":null,"metricName":"sys.gpu.0.free_memory","metricValue":6014914560,"step":null}},"type":"metric_msg"}
{"payload":{"local_timestamp":1747974056472,"message_id":21,"metric":{"epoch":null,"metricName":"sys.gpu.0.used_memory","metricValue":424390656,"step":null}},"type":"metric_msg"}
{"payload":{"local_timestamp":1747974056472,"message_id":22,"metric":{"epoch":null,"metricName":"sys.gpu.0.percent.used_memory","metricValue":6.590628053248657,"step":null}},"type":"metric_msg"}
{"payload":{"local_timestamp":1747974056478,"message_id":23,"output":"\nDataset not found , missing paths ['D:\\\\AI-Powered-Waste-Finder\\\\yolov5\\\\artifacts\\\\data\\\\valid\\\\images']\n","stderr":true},"type":"standard_output"}
{"payload":{"local_timestamp":1747974056478,"message_id":24,"output":"Traceback (most recent call last):\n","stderr":true},"type":"standard_output"}
{"payload":{"local_timestamp":1747974056478,"message_id":25,"output":"  File \"D:\\AI-Powered-Waste-Finder\\yolov5\\train.py\", line 986, in <module>\n","stderr":true},"type":"standard_output"}
{"payload":{"local_timestamp":1747974056478,"message_id":26,"output":"    ","stderr":true},"type":"standard_output"}
{"payload":{"local_timestamp":1747974056478,"message_id":27,"output":"main(opt)","stderr":true},"type":"standard_output"}
{"payload":{"local_timestamp":1747974056478,"message_id":28,"output":"\n","stderr":true},"type":"standard_output"}
{"payload":{"local_timestamp":1747974056478,"message_id":29,"output":"  File \"D:\\AI-Powered-Waste-Finder\\yolov5\\train.py\", line 688, in main\n","stderr":true},"type":"standard_output"}
{"payload":{"local_timestamp":1747974056478,"message_id":30,"output":"    ","stderr":true},"type":"standard_output"}
{"payload":{"local_timestamp":1747974056478,"message_id":31,"output":"train(opt.hyp, opt, device, callbacks)","stderr":true},"type":"standard_output"}
{"payload":{"local_timestamp":1747974056478,"message_id":32,"output":"\n","stderr":true},"type":"standard_output"}
{"payload":{"local_timestamp":1747974056478,"message_id":33,"output":"  File \"D:\\AI-Powered-Waste-Finder\\yolov5\\train.py\", line 180, in train\n","stderr":true},"type":"standard_output"}
{"payload":{"local_timestamp":1747974056478,"message_id":34,"output":"    ","stderr":true},"type":"standard_output"}
{"payload":{"local_timestamp":1747974056478,"message_id":35,"output":"loggers = Loggers(","stderr":true},"type":"standard_output"}
{"payload":{"local_timestamp":1747974056478,"message_id":36,"output":"\n","stderr":true},"type":"standard_output"}
{"payload":{"local_timestamp":1747974056478,"message_id":37,"output":" ","stderr":true},"type":"standard_output"}
{"payload":{"local_timestamp":1747974056478,"message_id":38,"output":" ","stderr":true},"type":"standard_output"}
{"payload":{"local_timestamp":1747974056478,"message_id":39,"output":" ","stderr":true},"type":"standard_output"}
{"payload":{"local_timestamp":1747974056478,"message_id":40,"output":" ","stderr":true},"type":"standard_output"}
{"payload":{"local_timestamp":1747974056478,"message_id":41,"output":" ","stderr":true},"type":"standard_output"}
{"payload":{"local_timestamp":1747974056478,"message_id":42,"output":" ","stderr":true},"type":"standard_output"}
{"payload":{"local_timestamp":1747974056478,"message_id":43,"output":" ","stderr":true},"type":"standard_output"}
{"payload":{"local_timestamp":1747974056478,"message_id":44,"output":" ","stderr":true},"type":"standard_output"}
{"payload":{"local_timestamp":1747974056478,"message_id":45,"output":" ","stderr":true},"type":"standard_output"}
{"payload":{"local_timestamp":1747974056478,"message_id":46,"output":" ","stderr":true},"type":"standard_output"}
{"payload":{"local_timestamp":1747974056478,"message_id":47,"output":" ","stderr":true},"type":"standard_output"}
{"payload":{"local_timestamp":1747974056478,"message_id":48,"output":" ","stderr":true},"type":"standard_output"}
{"payload":{"local_timestamp":1747974056478,"message_id":49,"output":" ","stderr":true},"type":"standard_output"}
{"payload":{"local_timestamp":1747974056478,"message_id":50,"output":" ","stderr":true},"type":"standard_output"}
{"payload":{"local_timestamp":1747974056478,"message_id":51,"output":"^","stderr":true},"type":"standard_output"}
{"payload":{"local_timestamp":1747974056478,"message_id":52,"output":"^","stderr":true},"type":"standard_output"}
{"payload":{"local_timestamp":1747974056478,"message_id":53,"output":"^","stderr":true},"type":"standard_output"}
{"payload":{"local_timestamp":1747974056478,"message_id":54,"output":"^","stderr":true},"type":"standard_output"}
{"payload":{"local_timestamp":1747974056478,"message_id":55,"output":"^","stderr":true},"type":"standard_output"}
{"payload":{"local_timestamp":1747974056478,"message_id":56,"output":"^","stderr":true},"type":"standard_output"}
{"payload":{"local_timestamp":1747974056478,"message_id":57,"output":"^","stderr":true},"type":"standard_output"}
{"payload":{"local_timestamp":1747974056478,"message_id":58,"output":"^","stderr":true},"type":"standard_output"}
{"payload":{"local_timestamp":1747974056478,"message_id":59,"output":"\n","stderr":true},"type":"standard_output"}
{"payload":{"local_timestamp":1747974056478,"message_id":60,"output":"  File \"D:\\AI-Powered-Waste-Finder\\yolov5\\utils\\loggers\\__init__.py\", line 153, in __init__\n","stderr":true},"type":"standard_output"}
{"payload":{"local_timestamp":1747974056489,"message_id":61,"output":"    ","stderr":true},"type":"standard_output"}
{"payload":{"local_timestamp":1747974056489,"message_id":62,"output":"self.comet_logger = CometLogger(self.opt, self.hyp)","stderr":true},"type":"standard_output"}
{"payload":{"local_timestamp":1747974056489,"message_id":63,"output":"\n","stderr":true},"type":"standard_output"}
{"payload":{"local_timestamp":1747974056489,"message_id":64,"output":" ","stderr":true},"type":"standard_output"}
{"payload":{"local_timestamp":1747974056489,"message_id":65,"output":" ","stderr":true},"type":"standard_output"}
{"payload":{"local_timestamp":1747974056489,"message_id":66,"output":" ","stderr":true},"type":"standard_output"}
{"payload":{"local_timestamp":1747974056489,"message_id":67,"output":" ","stderr":true},"type":"standard_output"}
{"payload":{"local_timestamp":1747974056489,"message_id":68,"output":" ","stderr":true},"type":"standard_output"}
{"payload":{"local_timestamp":1747974056489,"message_id":69,"output":" ","stderr":true},"type":"standard_output"}
{"payload":{"local_timestamp":1747974056489,"message_id":70,"output":" ","stderr":true},"type":"standard_output"}
{"payload":{"local_timestamp":1747974056489,"message_id":71,"output":" ","stderr":true},"type":"standard_output"}
{"payload":{"local_timestamp":1747974056489,"message_id":72,"output":" ","stderr":true},"type":"standard_output"}
{"payload":{"local_timestamp":1747974056489,"message_id":73,"output":" ","stderr":true},"type":"standard_output"}
{"payload":{"local_timestamp":1747974056489,"message_id":74,"output":" ","stderr":true},"type":"standard_output"}
{"payload":{"local_timestamp":1747974056489,"message_id":75,"output":" ","stderr":true},"type":"standard_output"}
{"payload":{"local_timestamp":1747974056489,"message_id":76,"output":" ","stderr":true},"type":"standard_output"}
{"payload":{"local_timestamp":1747974056489,"message_id":77,"output":" ","stderr":true},"type":"standard_output"}
{"payload":{"local_timestamp":1747974056489,"message_id":78,"output":" ","stderr":true},"type":"standard_output"}
{"payload":{"local_timestamp":1747974056489,"message_id":79,"output":" ","stderr":true},"type":"standard_output"}
{"payload":{"local_timestamp":1747974056489,"message_id":80,"output":" ","stderr":true},"type":"standard_output"}
{"payload":{"local_timestamp":1747974056489,"message_id":81,"output":" ","stderr":true},"type":"standard_output"}
{"payload":{"local_timestamp":1747974056489,"message_id":82,"output":" ","stderr":true},"type":"standard_output"}
{"payload":{"local_timestamp":1747974056489,"message_id":83,"output":" ","stderr":true},"type":"standard_output"}
{"payload":{"local_timestamp":1747974056489,"message_id":84,"output":" ","stderr":true},"type":"standard_output"}
{"payload":{"local_timestamp":1747974056489,"message_id":85,"output":" ","stderr":true},"type":"standard_output"}
{"payload":{"local_timestamp":1747974056489,"message_id":86,"output":" ","stderr":true},"type":"standard_output"}
{"payload":{"local_timestamp":1747974056489,"message_id":87,"output":" ","stderr":true},"type":"standard_output"}
{"payload":{"local_timestamp":1747974056489,"message_id":88,"output":"^","stderr":true},"type":"standard_output"}
{"payload":{"local_timestamp":1747974056489,"message_id":89,"output":"^","stderr":true},"type":"standard_output"}
{"payload":{"local_timestamp":1747974056489,"message_id":90,"output":"^","stderr":true},"type":"standard_output"}
{"payload":{"local_timestamp":1747974056489,"message_id":91,"output":"^","stderr":true},"type":"standard_output"}
{"payload":{"local_timestamp":1747974056489,"message_id":92,"output":"^","stderr":true},"type":"standard_output"}
{"payload":{"local_timestamp":1747974056489,"message_id":93,"output":"^","stderr":true},"type":"standard_output"}
{"payload":{"local_timestamp":1747974056489,"message_id":94,"output":"^","stderr":true},"type":"standard_output"}
{"payload":{"local_timestamp":1747974056489,"message_id":95,"output":"^","stderr":true},"type":"standard_output"}
{"payload":{"local_timestamp":1747974056489,"message_id":96,"output":"^","stderr":true},"type":"standard_output"}
{"payload":{"local_timestamp":1747974056489,"message_id":97,"output":"^","stderr":true},"type":"standard_output"}
{"payload":{"local_timestamp":1747974056489,"message_id":98,"output":"^","stderr":true},"type":"standard_output"}
{"payload":{"local_timestamp":1747974056489,"message_id":99,"output":"^","stderr":true},"type":"standard_output"}
{"payload":{"local_timestamp":1747974056489,"message_id":100,"output":"^","stderr":true},"type":"standard_output"}
{"payload":{"local_timestamp":1747974056489,"message_id":101,"output":"^","stderr":true},"type":"standard_output"}
{"payload":{"local_timestamp":1747974056489,"message_id":102,"output":"^","stderr":true},"type":"standard_output"}
{"payload":{"local_timestamp":1747974056489,"message_id":103,"output":"^","stderr":true},"type":"standard_output"}
{"payload":{"local_timestamp":1747974056489,"message_id":104,"output":"^","stderr":true},"type":"standard_output"}
{"payload":{"local_timestamp":1747974056489,"message_id":105,"output":"^","stderr":true},"type":"standard_output"}
{"payload":{"local_timestamp":1747974056489,"message_id":106,"output":"^","stderr":true},"type":"standard_output"}
{"payload":{"local_timestamp":1747974056489,"message_id":107,"output":"^","stderr":true},"type":"standard_output"}
{"payload":{"local_timestamp":1747974056489,"message_id":108,"output":"^","stderr":true},"type":"standard_output"}
{"payload":{"local_timestamp":1747974056489,"message_id":109,"output":"^","stderr":true},"type":"standard_output"}
{"payload":{"local_timestamp":1747974056489,"message_id":110,"output":"^","stderr":true},"type":"standard_output"}
{"payload":{"local_timestamp":1747974056489,"message_id":111,"output":"^","stderr":true},"type":"standard_output"}
{"payload":{"local_timestamp":1747974056489,"message_id":112,"output":"^","stderr":true},"type":"standard_output"}
{"payload":{"local_timestamp":1747974056489,"message_id":113,"output":"^","stderr":true},"type":"standard_output"}
{"payload":{"local_timestamp":1747974056489,"message_id":114,"output":"^","stderr":true},"type":"standard_output"}
{"payload":{"local_timestamp":1747974056489,"message_id":115,"output":"^","stderr":true},"type":"standard_output"}
{"payload":{"local_timestamp":1747974056489,"message_id":116,"output":"^","stderr":true},"type":"standard_output"}
{"payload":{"local_timestamp":1747974056489,"message_id":117,"output":"^","stderr":true},"type":"standard_output"}
{"payload":{"local_timestamp":1747974056489,"message_id":118,"output":"^","stderr":true},"type":"standard_output"}
{"payload":{"local_timestamp":1747974056490,"message_id":119,"output":"\n","stderr":true},"type":"standard_output"}
{"payload":{"local_timestamp":1747974056490,"message_id":120,"output":"  File \"D:\\AI-Powered-Waste-Finder\\yolov5\\utils\\loggers\\comet\\__init__.py\", line 100, in __init__\n","stderr":true},"type":"standard_output"}
{"payload":{"local_timestamp":1747974056491,"message_id":121,"output":"    ","stderr":true},"type":"standard_output"}
{"payload":{"local_timestamp":1747974056491,"message_id":122,"output":"self.data_dict = self.check_dataset(self.opt.data)","stderr":true},"type":"standard_output"}
{"payload":{"local_timestamp":1747974056491,"message_id":123,"output":"\n","stderr":true},"type":"standard_output"}
{"payload":{"local_timestamp":1747974056491,"message_id":124,"output":" ","stderr":true},"type":"standard_output"}
{"payload":{"local_timestamp":1747974056491,"message_id":125,"output":" ","stderr":true},"type":"standard_output"}
{"payload":{"local_timestamp":1747974056491,"message_id":126,"output":" ","stderr":true},"type":"standard_output"}
{"payload":{"local_timestamp":1747974056491,"message_id":127,"output":" ","stderr":true},"type":"standard_output"}
{"payload":{"local_timestamp":1747974056491,"message_id":128,"output":" ","stderr":true},"type":"standard_output"}
{"payload":{"local_timestamp":1747974056491,"message_id":129,"output":" ","stderr":true},"type":"standard_output"}
{"payload":{"local_timestamp":1747974056491,"message_id":130,"output":" ","stderr":true},"type":"standard_output"}
{"payload":{"local_timestamp":1747974056491,"message_id":131,"output":" ","stderr":true},"type":"standard_output"}
{"payload":{"local_timestamp":1747974056491,"message_id":132,"output":" ","stderr":true},"type":"standard_output"}
{"payload":{"local_timestamp":1747974056491,"message_id":133,"output":" ","stderr":true},"type":"standard_output"}
{"payload":{"local_timestamp":1747974056491,"message_id":134,"output":" ","stderr":true},"type":"standard_output"}
{"payload":{"local_timestamp":1747974056491,"message_id":135,"output":" ","stderr":true},"type":"standard_output"}
{"payload":{"local_timestamp":1747974056491,"message_id":136,"output":" ","stderr":true},"type":"standard_output"}
{"payload":{"local_timestamp":1747974056491,"message_id":137,"output":" ","stderr":true},"type":"standard_output"}
{"payload":{"local_timestamp":1747974056491,"message_id":138,"output":" ","stderr":true},"type":"standard_output"}
{"payload":{"local_timestamp":1747974056491,"message_id":139,"output":" ","stderr":true},"type":"standard_output"}
{"payload":{"local_timestamp":1747974056491,"message_id":140,"output":" ","stderr":true},"type":"standard_output"}
{"payload":{"local_timestamp":1747974056491,"message_id":141,"output":" ","stderr":true},"type":"standard_output"}
{"payload":{"local_timestamp":1747974056491,"message_id":142,"output":" ","stderr":true},"type":"standard_output"}
{"payload":{"local_timestamp":1747974056491,"message_id":143,"output":" ","stderr":true},"type":"standard_output"}
{"payload":{"local_timestamp":1747974056491,"message_id":144,"output":" ","stderr":true},"type":"standard_output"}
{"payload":{"local_timestamp":1747974056491,"message_id":145,"output":"^","stderr":true},"type":"standard_output"}
{"payload":{"local_timestamp":1747974056491,"message_id":146,"output":"^","stderr":true},"type":"standard_output"}
{"payload":{"local_timestamp":1747974056491,"message_id":147,"output":"^","stderr":true},"type":"standard_output"}
{"payload":{"local_timestamp":1747974056491,"message_id":148,"output":"^","stderr":true},"type":"standard_output"}
{"payload":{"local_timestamp":1747974056491,"message_id":149,"output":"^","stderr":true},"type":"standard_output"}
{"payload":{"local_timestamp":1747974056491,"message_id":150,"output":"^","stderr":true},"type":"standard_output"}
{"payload":{"local_timestamp":1747974056491,"message_id":151,"output":"^","stderr":true},"type":"standard_output"}
{"payload":{"local_timestamp":1747974056491,"message_id":152,"output":"^","stderr":true},"type":"standard_output"}
{"payload":{"local_timestamp":1747974056491,"message_id":153,"output":"^","stderr":true},"type":"standard_output"}
{"payload":{"local_timestamp":1747974056491,"message_id":154,"output":"^","stderr":true},"type":"standard_output"}
{"payload":{"local_timestamp":1747974056491,"message_id":155,"output":"^","stderr":true},"type":"standard_output"}
{"payload":{"local_timestamp":1747974056491,"message_id":156,"output":"^","stderr":true},"type":"standard_output"}
{"payload":{"local_timestamp":1747974056491,"message_id":157,"output":"^","stderr":true},"type":"standard_output"}
{"payload":{"local_timestamp":1747974056491,"message_id":158,"output":"^","stderr":true},"type":"standard_output"}
{"payload":{"local_timestamp":1747974056491,"message_id":159,"output":"^","stderr":true},"type":"standard_output"}
{"payload":{"local_timestamp":1747974056491,"message_id":160,"output":"^","stderr":true},"type":"standard_output"}
{"payload":{"local_timestamp":1747974056491,"message_id":161,"output":"^","stderr":true},"type":"standard_output"}
{"payload":{"local_timestamp":1747974056491,"message_id":162,"output":"^","stderr":true},"type":"standard_output"}
{"payload":{"local_timestamp":1747974056491,"message_id":163,"output":"^","stderr":true},"type":"standard_output"}
{"payload":{"local_timestamp":1747974056491,"message_id":164,"output":"^","stderr":true},"type":"standard_output"}
{"payload":{"local_timestamp":1747974056491,"message_id":165,"output":"^","stderr":true},"type":"standard_output"}
{"payload":{"local_timestamp":1747974056491,"message_id":166,"output":"^","stderr":true},"type":"standard_output"}
{"payload":{"local_timestamp":1747974056491,"message_id":167,"output":"^","stderr":true},"type":"standard_output"}
{"payload":{"local_timestamp":1747974056491,"message_id":168,"output":"^","stderr":true},"type":"standard_output"}
{"payload":{"local_timestamp":1747974056491,"message_id":169,"output":"^","stderr":true},"type":"standard_output"}
{"payload":{"local_timestamp":1747974056491,"message_id":170,"output":"^","stderr":true},"type":"standard_output"}
{"payload":{"local_timestamp":1747974056491,"message_id":171,"output":"^","stderr":true},"type":"standard_output"}
{"payload":{"local_timestamp":1747974056491,"message_id":172,"output":"^","stderr":true},"type":"standard_output"}
{"payload":{"local_timestamp":1747974056491,"message_id":173,"output":"^","stderr":true},"type":"standard_output"}
{"payload":{"local_timestamp":1747974056491,"message_id":174,"output":"^","stderr":true},"type":"standard_output"}
{"payload":{"local_timestamp":1747974056491,"message_id":175,"output":"^","stderr":true},"type":"standard_output"}
{"payload":{"local_timestamp":1747974056491,"message_id":176,"output":"^","stderr":true},"type":"standard_output"}
{"payload":{"local_timestamp":1747974056491,"message_id":177,"output":"^","stderr":true},"type":"standard_output"}
{"payload":{"local_timestamp":1747974056493,"message_id":178,"output":"\n","stderr":true},"type":"standard_output"}
{"payload":{"local_timestamp":1747974056493,"message_id":179,"output":"  File \"D:\\AI-Powered-Waste-Finder\\yolov5\\utils\\loggers\\comet\\__init__.py\", line 258, in check_dataset\n","stderr":true},"type":"standard_output"}
{"payload":{"local_timestamp":1747974056495,"message_id":180,"output":"    ","stderr":true},"type":"standard_output"}
{"payload":{"local_timestamp":1747974056495,"message_id":181,"output":"return check_dataset(data_file)","stderr":true},"type":"standard_output"}
{"payload":{"local_timestamp":1747974056496,"message_id":182,"output":"\n","stderr":true},"type":"standard_output"}
{"payload":{"local_timestamp":1747974056496,"message_id":183,"output":" ","stderr":true},"type":"standard_output"}
{"payload":{"local_timestamp":1747974056496,"message_id":184,"output":" ","stderr":true},"type":"standard_output"}
{"payload":{"local_timestamp":1747974056496,"message_id":185,"output":" ","stderr":true},"type":"standard_output"}
{"payload":{"local_timestamp":1747974056496,"message_id":186,"output":" ","stderr":true},"type":"standard_output"}
{"payload":{"local_timestamp":1747974056497,"message_id":187,"output":" ","stderr":true},"type":"standard_output"}
{"payload":{"local_timestamp":1747974056497,"message_id":188,"output":" ","stderr":true},"type":"standard_output"}
{"payload":{"local_timestamp":1747974056497,"message_id":189,"output":" ","stderr":true},"type":"standard_output"}
{"payload":{"local_timestamp":1747974056497,"message_id":190,"output":" ","stderr":true},"type":"standard_output"}
{"payload":{"local_timestamp":1747974056497,"message_id":191,"output":" ","stderr":true},"type":"standard_output"}
{"payload":{"local_timestamp":1747974056497,"message_id":192,"output":" ","stderr":true},"type":"standard_output"}
{"payload":{"local_timestamp":1747974056497,"message_id":193,"output":" ","stderr":true},"type":"standard_output"}
{"payload":{"local_timestamp":1747974056497,"message_id":194,"output":"^","stderr":true},"type":"standard_output"}
{"payload":{"local_timestamp":1747974056497,"message_id":195,"output":"^","stderr":true},"type":"standard_output"}
{"payload":{"local_timestamp":1747974056497,"message_id":196,"output":"^","stderr":true},"type":"standard_output"}
{"payload":{"local_timestamp":1747974056497,"message_id":197,"output":"^","stderr":true},"type":"standard_output"}
{"payload":{"local_timestamp":1747974056497,"message_id":198,"output":"^","stderr":true},"type":"standard_output"}
{"payload":{"local_timestamp":1747974056497,"message_id":199,"output":"^","stderr":true},"type":"standard_output"}
{"payload":{"local_timestamp":1747974056497,"message_id":200,"output":"^","stderr":true},"type":"standard_output"}
{"payload":{"local_timestamp":1747974056497,"message_id":201,"output":"^","stderr":true},"type":"standard_output"}
{"payload":{"local_timestamp":1747974056497,"message_id":202,"output":"^","stderr":true},"type":"standard_output"}
{"payload":{"local_timestamp":1747974056497,"message_id":203,"output":"^","stderr":true},"type":"standard_output"}
{"payload":{"local_timestamp":1747974056497,"message_id":204,"output":"^","stderr":true},"type":"standard_output"}
{"payload":{"local_timestamp":1747974056497,"message_id":205,"output":"^","stderr":true},"type":"standard_output"}
{"payload":{"local_timestamp":1747974056497,"message_id":206,"output":"^","stderr":true},"type":"standard_output"}
{"payload":{"local_timestamp":1747974056497,"message_id":207,"output":"^","stderr":true},"type":"standard_output"}
{"payload":{"local_timestamp":1747974056497,"message_id":208,"output":"^","stderr":true},"type":"standard_output"}
{"payload":{"local_timestamp":1747974056497,"message_id":209,"output":"^","stderr":true},"type":"standard_output"}
{"payload":{"local_timestamp":1747974056497,"message_id":210,"output":"^","stderr":true},"type":"standard_output"}
{"payload":{"local_timestamp":1747974056497,"message_id":211,"output":"^","stderr":true},"type":"standard_output"}
{"payload":{"local_timestamp":1747974056497,"message_id":212,"output":"^","stderr":true},"type":"standard_output"}
{"payload":{"local_timestamp":1747974056497,"message_id":213,"output":"^","stderr":true},"type":"standard_output"}
{"payload":{"local_timestamp":1747974056497,"message_id":214,"output":"^","stderr":true},"type":"standard_output"}
{"payload":{"local_timestamp":1747974056497,"message_id":215,"output":"^","stderr":true},"type":"standard_output"}
{"payload":{"local_timestamp":1747974056497,"message_id":216,"output":"^","stderr":true},"type":"standard_output"}
{"payload":{"local_timestamp":1747974056497,"message_id":217,"output":"^","stderr":true},"type":"standard_output"}
{"payload":{"local_timestamp":1747974056497,"message_id":218,"output":"\n","stderr":true},"type":"standard_output"}
{"payload":{"local_timestamp":1747974056498,"message_id":219,"output":"  File \"D:\\AI-Powered-Waste-Finder\\yolov5\\utils\\general.py\", line 564, in check_dataset\n","stderr":true},"type":"standard_output"}
{"payload":{"local_timestamp":1747974056500,"message_id":220,"output":"    ","stderr":true},"type":"standard_output"}
{"payload":{"local_timestamp":1747974056500,"message_id":221,"output":"raise Exception(\"Dataset not found \u274c\")","stderr":true},"type":"standard_output"}
{"payload":{"local_timestamp":1747974056504,"message_id":222,"output":"\n","stderr":true},"type":"standard_output"}
{"payload":{"local_timestamp":1747974056504,"message_id":223,"output":"Exception","stderr":true},"type":"standard_output"}
{"payload":{"local_timestamp":1747974056504,"message_id":224,"output":": ","stderr":true},"type":"standard_output"}
{"payload":{"local_timestamp":1747974056504,"message_id":225,"output":"Dataset not found \u274c","stderr":true},"type":"standard_output"}
{"payload":{"local_timestamp":1747974056504,"message_id":226,"output":"\n","stderr":true},"type":"standard_output"}
{"payload":{"local_timestamp":1747974056505,"message_id":227,"output":"\u001b[1;38;5;39mCOMET INFO:\u001b[0m The process of logging environment details (conda environment, git patch) is underway. Please be patient as this may take some time.\n","stderr":true},"type":"standard_output"}
{"payload":{"git_metadata":{"branch":"refs/heads/master","origin":"https://github.com/Vegadhardik7/AI-Powered-Waste-Finder.git","parent":"b317e24fee39d742090e1fc815498829710d0b9a","repo_name":"AI-Powered-Waste-Finder","root":"db41f42d0180f22970a901ed4cdb11b24d9a6a09","status":null,"user":"Vegadhardik7"},"message_id":228},"type":"git_metadata"}
{"payload":{"local_timestamp":1747974056536,"message_id":229,"output":"\u001b[1;38;5;39mCOMET INFO:\u001b[0m ---------------------------------------------------------------------------------------\n","stderr":true},"type":"standard_output"}
{"payload":{"local_timestamp":1747974056536,"message_id":230,"output":"\u001b[1;38;5;39mCOMET INFO:\u001b[0m Comet.ml OfflineExperiment Summary\n","stderr":true},"type":"standard_output"}
{"payload":{"local_timestamp":1747974056536,"message_id":231,"output":"\u001b[1;38;5;39mCOMET INFO:\u001b[0m ---------------------------------------------------------------------------------------\n","stderr":true},"type":"standard_output"}
{"payload":{"local_timestamp":1747974056536,"message_id":232,"output":"\u001b[1;38;5;39mCOMET INFO:\u001b[0m   Data:\n","stderr":true},"type":"standard_output"}
{"payload":{"local_timestamp":1747974056536,"message_id":233,"output":"\u001b[1;38;5;39mCOMET INFO:\u001b[0m     display_summary_level : 1\n","stderr":true},"type":"standard_output"}
{"payload":{"local_timestamp":1747974056543,"message_id":234,"output":"\u001b[1;38;5;39mCOMET INFO:\u001b[0m     name                  : yolov5s_results\n","stderr":true},"type":"standard_output"}
{"payload":{"local_timestamp":1747974056543,"message_id":235,"output":"\u001b[1;38;5;39mCOMET INFO:\u001b[0m     url                   : [OfflineExperiment will get URL after upload]\n","stderr":true},"type":"standard_output"}
{"payload":{"local_timestamp":1747974056543,"message_id":236,"output":"\u001b[1;38;5;39mCOMET INFO:\u001b[0m   Others:\n","stderr":true},"type":"standard_output"}
{"payload":{"local_timestamp":1747974056544,"message_id":237,"output":"\u001b[1;38;5;39mCOMET INFO:\u001b[0m     Name               : yolov5s_results\n","stderr":true},"type":"standard_output"}
{"payload":{"local_timestamp":1747974056544,"message_id":238,"output":"\u001b[1;38;5;39mCOMET INFO:\u001b[0m     offline_experiment : True\n","stderr":true},"type":"standard_output"}
{"payload":{"local_timestamp":1747974056544,"message_id":239,"output":"\u001b[1;38;5;39mCOMET INFO:\u001b[0m   Uploads:\n","stderr":true},"type":"standard_output"}
{"payload":{"local_timestamp":1747974056544,"message_id":240,"output":"\u001b[1;38;5;39mCOMET INFO:\u001b[0m     asset               : 1 (104 bytes)\n","stderr":true},"type":"standard_output"}
{"payload":{"local_timestamp":1747974056545,"message_id":241,"output":"\u001b[1;38;5;39mCOMET INFO:\u001b[0m     environment details : 1\n","stderr":true},"type":"standard_output"}
{"payload":{"local_timestamp":1747974056545,"message_id":242,"output":"\u001b[1;38;5;39mCOMET INFO:\u001b[0m     git metadata        : 1\n","stderr":true},"type":"standard_output"}
{"payload":{"local_timestamp":1747974056545,"message_id":243,"output":"\u001b[1;38;5;39mCOMET INFO:\u001b[0m     installed packages  : 1\n","stderr":true},"type":"standard_output"}
{"payload":{"local_timestamp":1747974056545,"message_id":244,"output":"\u001b[1;38;5;39mCOMET INFO:\u001b[0m \n","stderr":true},"type":"standard_output"}
{"payload":{"local_timestamp":1747974056545,"message_id":245,"metric":{"epoch":null,"metricName":"process duration","metricValue":3,"step":null}},"type":"metric_msg"}
{"payload":{"local_timestamp":1747974056727,"message_id":246,"metric":{"epoch":null,"metricName":"sys.cpu.percent.avg","metricValue":0.0,"step":null}},"type":"metric_msg"}
{"payload":{"local_timestamp":1747974056727,"message_id":247,"metric":{"epoch":null,"metricName":"sys.ram.total","metricValue":16851132416,"step":null}},"type":"metric_msg"}
{"payload":{"local_timestamp":1747974056727,"message_id":248,"metric":{"epoch":null,"metricName":"sys.ram.used","metricValue":15321202688,"step":null}},"type":"metric_msg"}
{"payload":{"local_timestamp":1747974056727,"message_id":249,"metric":{"epoch":null,"metricName":"sys.ram.available","metricValue":1529929728,"step":null}},"type":"metric_msg"}
{"payload":{"local_timestamp":1747974056727,"message_id":250,"metric":{"epoch":null,"metricName":"sys.ram.percent.used","metricValue":90.9,"step":null}},"type":"metric_msg"}
{"payload":{"local_timestamp":1747974056727,"message_id":251,"metric":{"epoch":null,"metricName":"sys.load.avg","metricValue":0.0,"step":null}},"type":"metric_msg"}
